Pop,SoC,IoL,MSP,Geneland,Region,Region,Latitude,Longitude,ID,LFY,,WXY,,PIST,,ADH,,RPB2,,MS,
9,BAJA,NORTH,NORTH,WHT,NORTH,NBP,29.01,-113.94,9_10,1,1,2,2,1,1,1,2,1,1,1,1
9,BAJA,NORTH,NORTH,WHT,NORTH,NBP,29.01,-113.94,9_2,1,1,1,2,1,1,1,2,1,2,1,1
9,BAJA,NORTH,NORTH,WHT,NORTH,NBP,29.01,-113.94,9_4,1,1,1,2,1,3,1,2,1,1,1,1
12,BAJA,NORTH,SOUTH,WHT,NORTH,CBP,27.18,-112.67,12_1,1,2,1,2,1,1,1,1,1,1,1,1
12,BAJA,NORTH,SOUTH,WHT,NORTH,CBP,27.18,-112.67,12_10,1,1,2,2,1,1,1,1,1,1,1,1
12,BAJA,NORTH,SOUTH,WHT,NORTH,CBP,27.18,-112.67,12_3,1,1,1,2,1,1,1,1,1,1,1,1
12,BAJA,NORTH,SOUTH,WHT,NORTH,CBP,27.18,-112.67,12_4,1,1,2,2,1,2,1,1,1,2,1,1
12,BAJA,NORTH,SOUTH,WHT,NORTH,CBP,27.18,-112.67,12_5,1,1,1,1,1,1,1,1,1,2,1,1
12,BAJA,NORTH,SOUTH,WHT,NORTH,CBP,27.18,-112.67,12_6,1,1,2,2,1,2,1,1,1,2,1,1
12,BAJA,NORTH,SOUTH,WHT,NORTH,CBP,27.18,-112.67,12_7,1,1,1,2,1,1,1,1,2,2,1,1
12,BAJA,NORTH,SOUTH,WHT,NORTH,CBP,27.18,-112.67,12_8,1,1,1,1,1,2,1,1,2,2,1,1
12,BAJA,NORTH,SOUTH,WHT,NORTH,CBP,27.18,-112.67,12_9,1,1,1,2,1,1,1,1,1,2,1,1
32,SON,SON,SON,BLK,SON,SON,26.64,-109.33,32_12,1,2,2,2,1,1,1,1,1,1,1,1
32,SON,SON,SON,BLK,SON,SON,26.64,-109.33,32_15,1,2,1,2,1,3,1,1,1,2,1,1
32,SON,SON,SON,BLK,SON,SON,26.64,-109.33,32_16,1,2,2,2,1,1,1,1,1,1,1,1
32,SON,SON,SON,BLK,SON,SON,26.64,-109.33,32_17,1,2,1,2,1,3,1,1,1,2,1,1
32,SON,SON,SON,BLK,SON,SON,26.64,-109.33,32_18,1,2,1,2,1,3,1,1,1,2,1,1
32,SON,SON,SON,BLK,SON,SON,26.64,-109.33,32_20,1,1,2,2,1,1,1,1,1,1,1,1
43,BAJA,SOUTH,SOUTH,BLK,SOUTH,SBP,23.08,-110.03,43_1,1,1,2,2,1,1,1,1,1,1,1,1
43,BAJA,SOUTH,SOUTH,BLK,SOUTH,SBP,23.08,-110.03,43_2,1,1,2,2,1,1,1,1,1,2,1,1
43,BAJA,SOUTH,SOUTH,BLK,SOUTH,SBP,23.08,-110.03,43_7,1,1,2,2,1,1,1,1,1,2,1,1
43,BAJA,SOUTH,SOUTH,BLK,SOUTH,SBP,23.08,-110.03,43_8,1,1,2,2,1,1,1,1,1,1,1,1
43,BAJA,SOUTH,SOUTH,BLK,SOUTH,SBP,23.08,-110.03,43_9,1,1,2,2,1,1,1,1,1,2,1,1
48,BAJA,SOUTH,SOUTH,BLK,SOUTH,SBP,24.21,-110.27,48_1,1,1,2,2,1,1,1,1,1,2,1,1
48,BAJA,SOUTH,SOUTH,BLK,SOUTH,SBP,24.21,-110.27,48_10,1,1,2,2,1,1,1,1,1,1,1,1
48,BAJA,SOUTH,SOUTH,BLK,SOUTH,SBP,24.21,-110.27,48_2,1,1,2,2,1,1,1,1,1,1,1,1
48,BAJA,SOUTH,SOUTH,BLK,SOUTH,SBP,24.21,-110.27,48_3,1,1,2,2,1,1,1,1,1,1,1,1
48,BAJA,SOUTH,SOUTH,BLK,SOUTH,SBP,24.21,-110.27,48_4,1,1,2,2,1,1,1,1,1,1,1,2
48,BAJA,SOUTH,SOUTH,BLK,SOUTH,SBP,24.21,-110.27,48_6,1,1,2,2,1,1,1,1,1,1,1,1
48,BAJA,SOUTH,SOUTH,BLK,SOUTH,SBP,24.21,-110.27,48_8,1,1,2,2,1,1,1,1,1,3,1,1
48,BAJA,SOUTH,SOUTH,BLK,SOUTH,SBP,24.21,-110.27,48_9,1,1,2,2,1,1,1,1,1,1,1,1
51,BAJA,NORTH,SOUTH,WHT,NORTH,CBP,25.35,-111.6,51_1,1,1,1,2,1,3,1,1,2,2,1,1
51,BAJA,NORTH,SOUTH,WHT,NORTH,CBP,25.35,-111.6,51_11,1,1,2,2,1,1,1,1,1,1,1,1
51,BAJA,NORTH,SOUTH,WHT,NORTH,CBP,25.35,-111.6,51_2,1,1,1,2,1,1,1,1,2,2,1,1
51,BAJA,NORTH,SOUTH,WHT,NORTH,CBP,25.35,-111.6,51_3,1,1,1,2,1,1,1,1,1,2,1,1
51,BAJA,NORTH,SOUTH,WHT,NORTH,CBP,25.35,-111.6,51_4,1,1,1,2,1,1,1,1,1,2,1,1
51,BAJA,NORTH,SOUTH,WHT,NORTH,CBP,25.35,-111.6,51_5,1,1,1,2,1,1,1,1,1,1,1,1
51,BAJA,NORTH,SOUTH,WHT,NORTH,CBP,25.35,-111.6,51_6,1,1,1,2,1,3,1,1,2,2,1,1
51,BAJA,NORTH,SOUTH,WHT,NORTH,CBP,25.35,-111.6,51_7,1,1,1,2,1,1,1,1,1,2,1,1
51,BAJA,NORTH,SOUTH,WHT,NORTH,CBP,25.35,-111.6,51_8,1,1,2,2,1,1,1,1,1,1,1,1
51,BAJA,NORTH,SOUTH,WHT,NORTH,CBP,25.35,-111.6,51_9,1,1,1,2,1,1,1,1,1,2,1,1
58,BAJA,NORTH,SOUTH,WHT,NORTH,CBP,26.02,-111.35,58_10,1,1,1,1,1,2,1,1,1,2,1,1
58,BAJA,NORTH,SOUTH,WHT,NORTH,CBP,26.02,-111.35,58_2,1,1,1,2,1,1,1,1,1,2,1,1
58,BAJA,NORTH,SOUTH,WHT,NORTH,CBP,26.02,-111.35,58_3,1,1,1,1,-1,-1,1,1,1,2,1,1
58,BAJA,NORTH,SOUTH,WHT,NORTH,CBP,26.02,-111.35,58_4,1,1,1,1,1,1,1,1,1,2,1,1
58,BAJA,NORTH,SOUTH,WHT,NORTH,CBP,26.02,-111.35,58_5,-1,-1,1,2,1,1,1,1,1,2,1,1
58,BAJA,NORTH,SOUTH,WHT,NORTH,CBP,26.02,-111.35,58_6,1,1,1,2,1,2,1,1,2,2,1,1
58,BAJA,NORTH,SOUTH,WHT,NORTH,CBP,26.02,-111.35,58_7,1,1,1,1,1,2,1,1,2,2,1,1
58,BAJA,NORTH,SOUTH,WHT,NORTH,CBP,26.02,-111.35,58_8,1,1,1,2,2,2,1,1,1,2,1,1
58,BAJA,NORTH,SOUTH,WHT,NORTH,CBP,26.02,-111.35,58_9,1,1,1,1,1,3,1,1,2,2,1,1
64,BAJA,NORTH,SOUTH,BLK,SOUTH,CBP,25.61,-111.33,64_1,1,1,1,1,1,1,1,1,1,1,1,1
64,BAJA,NORTH,SOUTH,BLK,SOUTH,CBP,25.61,-111.33,64_13,1,2,1,2,1,1,1,1,1,1,1,1
64,BAJA,NORTH,SOUTH,BLK,SOUTH,CBP,25.61,-111.33,64_2,1,1,1,2,1,1,1,1,1,1,1,2
64,BAJA,NORTH,SOUTH,BLK,SOUTH,CBP,25.61,-111.33,64_3,1,1,1,2,1,1,1,1,1,1,1,2
64,BAJA,NORTH,SOUTH,BLK,SOUTH,CBP,25.61,-111.33,64_4,1,1,2,2,1,1,1,1,1,1,1,1
73,BAJA,SOUTH,SOUTH,BLK,SOUTH,SBP,24.01,-109.85,73_1,1,2,2,2,1,1,1,1,1,1,1,2
73,BAJA,SOUTH,SOUTH,BLK,SOUTH,SBP,24.01,-109.85,73_10,1,2,2,2,1,1,1,1,1,2,1,2
73,BAJA,SOUTH,SOUTH,BLK,SOUTH,SBP,24.01,-109.85,73_2,1,1,2,2,1,1,1,1,1,1,1,1
73,BAJA,SOUTH,SOUTH,BLK,SOUTH,SBP,24.01,-109.85,73_5,1,2,2,2,1,1,1,1,1,1,1,1
73,BAJA,SOUTH,SOUTH,BLK,SOUTH,SBP,24.01,-109.85,73_7,1,1,2,2,1,1,1,1,1,2,1,1
73,BAJA,SOUTH,SOUTH,BLK,SOUTH,SBP,24.01,-109.85,73_8,1,2,2,2,1,1,1,1,1,1,1,1
73,BAJA,SOUTH,SOUTH,BLK,SOUTH,SBP,24.01,-109.85,73_9,1,2,2,2,1,1,1,1,1,1,1,1
75,BAJA,NORTH,SOUTH,BLK,SOUTH,CBP,24.59,-110.75,75_18,1,1,2,2,1,1,1,1,1,1,1,1
75,BAJA,NORTH,SOUTH,BLK,SOUTH,CBP,24.59,-110.75,75_19,1,1,1,2,1,1,1,1,1,1,1,1
75,BAJA,NORTH,SOUTH,BLK,SOUTH,CBP,24.59,-110.75,75_21,1,1,2,2,1,1,1,1,1,2,1,1
75,BAJA,NORTH,SOUTH,BLK,SOUTH,CBP,24.59,-110.75,75_22,1,1,2,2,1,1,1,1,1,2,1,1
75,BAJA,NORTH,SOUTH,BLK,SOUTH,CBP,24.59,-110.75,75_23,1,2,1,2,1,1,1,1,1,2,1,1
75,BAJA,NORTH,SOUTH,BLK,SOUTH,CBP,24.59,-110.75,75_24,1,1,2,2,1,1,1,1,1,1,1,1
75,BAJA,NORTH,SOUTH,BLK,SOUTH,CBP,24.59,-110.75,75_25,1,2,1,2,1,1,1,2,1,2,1,1
75,BAJA,NORTH,SOUTH,BLK,SOUTH,CBP,24.59,-110.75,75_26,1,2,1,2,1,1,1,1,1,1,1,1
77,BAJA,NORTH,SOUTH,BLK,SOUTH,CBP,24.88,-110.69,77_1,1,2,2,2,1,3,1,1,1,2,1,1
77,BAJA,NORTH,SOUTH,BLK,SOUTH,CBP,24.88,-110.69,77_10,1,2,2,2,1,3,1,1,1,1,1,1
77,BAJA,NORTH,SOUTH,BLK,SOUTH,CBP,24.88,-110.69,77_2,1,1,1,2,1,1,1,1,1,2,1,1
77,BAJA,NORTH,SOUTH,BLK,SOUTH,CBP,24.88,-110.69,77_22,1,2,2,2,1,3,1,1,1,2,1,1
77,BAJA,NORTH,SOUTH,BLK,SOUTH,CBP,24.88,-110.69,77_3,1,1,1,2,1,1,1,1,1,1,1,2
77,BAJA,NORTH,SOUTH,BLK,SOUTH,CBP,24.88,-110.69,77_4,1,2,2,2,1,3,1,1,1,1,1,1
77,BAJA,NORTH,SOUTH,BLK,SOUTH,CBP,24.88,-110.69,77_5,1,1,2,2,1,1,1,1,2,2,1,1
77,BAJA,NORTH,SOUTH,BLK,SOUTH,CBP,24.88,-110.69,77_6,1,1,2,2,1,1,1,1,2,2,1,1
77,BAJA,NORTH,SOUTH,BLK,SOUTH,CBP,24.88,-110.69,77_7,1,2,1,2,1,1,1,1,1,2,1,1
77,BAJA,NORTH,SOUTH,BLK,SOUTH,CBP,24.88,-110.69,77_8,1,2,1,2,1,1,1,1,1,2,1,1
77,BAJA,NORTH,SOUTH,BLK,SOUTH,CBP,24.88,-110.69,77_9,1,1,2,2,1,1,1,1,1,2,1,1
84,BAJA,NORTH,NORTH,WHT,NORTH,NBP,28.97,-113.67,84_1,1,1,2,2,1,2,1,1,1,1,1,1
84,BAJA,NORTH,NORTH,WHT,NORTH,NBP,28.97,-113.67,84_10,1,1,2,2,1,2,1,1,1,1,1,1
84,BAJA,NORTH,NORTH,WHT,NORTH,NBP,28.97,-113.67,84_2,1,1,1,2,2,2,1,1,1,1,1,1
84,BAJA,NORTH,NORTH,WHT,NORTH,NBP,28.97,-113.67,84_3,1,1,1,2,1,2,1,1,1,2,1,1
84,BAJA,NORTH,NORTH,WHT,NORTH,NBP,28.97,-113.67,84_4,1,1,1,2,1,1,1,1,1,1,1,1
84,BAJA,NORTH,NORTH,WHT,NORTH,NBP,28.97,-113.67,84_5,1,1,1,2,2,2,1,1,1,2,1,1
84,BAJA,NORTH,NORTH,WHT,NORTH,NBP,28.97,-113.67,84_6,1,2,1,2,2,2,1,1,2,2,1,1
84,BAJA,NORTH,NORTH,WHT,NORTH,NBP,28.97,-113.67,84_7,1,1,1,2,1,2,1,1,1,1,1,1
84,BAJA,NORTH,NORTH,WHT,NORTH,NBP,28.97,-113.67,84_8,1,1,1,2,1,1,1,1,1,2,1,1
84,BAJA,NORTH,NORTH,WHT,NORTH,NBP,28.97,-113.67,84_9,1,1,2,2,2,2,1,1,1,1,1,1
88,BAJA,NORTH,NORTH,WHT,NORTH,NBP,29.33,-114.29,88_1,1,1,2,2,1,3,1,1,1,1,1,1
88,BAJA,NORTH,NORTH,WHT,NORTH,NBP,29.33,-114.29,88_10,1,1,1,2,1,1,1,1,1,2,1,1
88,BAJA,NORTH,NORTH,WHT,NORTH,NBP,29.33,-114.29,88_2,1,1,1,2,1,3,1,1,1,1,1,1
88,BAJA,NORTH,NORTH,WHT,NORTH,NBP,29.33,-114.29,88_3,1,1,2,2,1,1,1,1,1,1,1,1
88,BAJA,NORTH,NORTH,WHT,NORTH,NBP,29.33,-114.29,88_4,1,1,2,2,2,2,1,1,1,2,1,1
88,BAJA,NORTH,NORTH,WHT,NORTH,NBP,29.33,-114.29,88_5,1,1,1,2,3,3,1,1,1,2,1,1
88,BAJA,NORTH,NORTH,WHT,NORTH,NBP,29.33,-114.29,88_6,1,1,1,2,1,1,1,1,1,1,1,1
88,BAJA,NORTH,NORTH,WHT,NORTH,NBP,29.33,-114.29,88_7,1,1,2,2,1,1,1,2,1,1,1,1
88,BAJA,NORTH,NORTH,WHT,NORTH,NBP,29.33,-114.29,88_8,1,2,2,2,1,2,1,1,1,1,1,1
88,BAJA,NORTH,NORTH,WHT,NORTH,NBP,29.33,-114.29,88_9,1,1,2,2,1,1,1,1,1,2,1,1
89,BAJA,NORTH,NORTH,WHT,NORTH,NBP,28.04,-113.4,89_21,1,1,2,2,1,1,1,2,1,1,1,1
89,BAJA,NORTH,NORTH,WHT,NORTH,NBP,28.04,-113.4,89_22,1,2,1,1,1,1,1,1,2,2,1,1
89,BAJA,NORTH,NORTH,WHT,NORTH,NBP,28.04,-113.4,89_23,1,1,1,2,1,1,1,1,1,2,1,1
89,BAJA,NORTH,NORTH,WHT,NORTH,NBP,28.04,-113.4,89_24,1,1,1,2,1,3,1,1,2,2,1,1
89,BAJA,NORTH,NORTH,WHT,NORTH,NBP,28.04,-113.4,89_25,1,1,1,1,1,1,1,1,2,2,1,1
89,BAJA,NORTH,NORTH,WHT,NORTH,NBP,28.04,-113.4,89_26,1,1,1,2,1,2,1,1,1,2,1,1
89,BAJA,NORTH,NORTH,WHT,NORTH,NBP,28.04,-113.4,89_27,1,1,2,2,1,1,1,1,1,1,1,1
89,BAJA,NORTH,NORTH,WHT,NORTH,NBP,28.04,-113.4,89_28,1,1,1,1,1,1,1,1,1,1,1,1
89,BAJA,NORTH,NORTH,WHT,NORTH,NBP,28.04,-113.4,89_29,1,1,1,2,1,1,1,2,1,2,1,1
89,BAJA,NORTH,NORTH,WHT,NORTH,NBP,28.04,-113.4,89_30,1,1,1,2,1,2,1,2,1,2,1,1
93,BAJA,NORTH,SOUTH,WHT,NORTH,CBP,26.95,-112.05,93_1,1,1,2,2,1,1,1,1,1,1,1,1
93,BAJA,NORTH,SOUTH,WHT,NORTH,CBP,26.95,-112.05,93_10,1,1,2,2,1,1,1,1,1,2,1,1
93,BAJA,NORTH,SOUTH,WHT,NORTH,CBP,26.95,-112.05,93_2,1,1,1,2,1,1,1,1,1,2,1,1
93,BAJA,NORTH,SOUTH,WHT,NORTH,CBP,26.95,-112.05,93_3,1,1,1,1,1,1,1,1,1,2,1,1
93,BAJA,NORTH,SOUTH,WHT,NORTH,CBP,26.95,-112.05,93_4,1,2,1,2,1,2,1,1,1,1,1,1
93,BAJA,NORTH,SOUTH,WHT,NORTH,CBP,26.95,-112.05,93_5,1,1,1,2,1,1,1,1,1,1,1,1
93,BAJA,NORTH,SOUTH,WHT,NORTH,CBP,26.95,-112.05,93_6,1,1,1,1,1,2,1,1,1,1,1,1
93,BAJA,NORTH,SOUTH,WHT,NORTH,CBP,26.95,-112.05,93_7,1,1,2,2,1,1,1,1,1,1,1,1
93,BAJA,NORTH,SOUTH,WHT,NORTH,CBP,26.95,-112.05,93_8,1,1,2,2,1,1,1,1,1,1,1,1
93,BAJA,NORTH,SOUTH,WHT,NORTH,CBP,26.95,-112.05,93_9,1,1,1,1,1,1,1,1,1,2,1,1
98,BAJA,SOUTH,SOUTH,BLK,SOUTH,SBP,23.08,-109.65,98_1,1,1,2,2,1,1,1,1,1,1,1,1
98,BAJA,SOUTH,SOUTH,BLK,SOUTH,SBP,23.08,-109.65,98_11,1,1,2,2,1,1,1,1,1,1,1,1
98,BAJA,SOUTH,SOUTH,BLK,SOUTH,SBP,23.08,-109.65,98_18,1,1,2,2,1,1,1,1,1,2,1,1
98,BAJA,SOUTH,SOUTH,BLK,SOUTH,SBP,23.08,-109.65,98_2,1,1,2,2,1,1,1,1,1,1,1,1
98,BAJA,SOUTH,SOUTH,BLK,SOUTH,SBP,23.08,-109.65,98_3,1,1,2,2,1,1,1,1,1,1,1,1
98,BAJA,SOUTH,SOUTH,BLK,SOUTH,SBP,23.08,-109.65,98_4,1,1,2,2,1,1,1,1,1,1,1,1
98,BAJA,SOUTH,SOUTH,BLK,SOUTH,SBP,23.08,-109.65,98_5,1,1,2,2,1,1,1,1,1,1,1,1
98,BAJA,SOUTH,SOUTH,BLK,SOUTH,SBP,23.08,-109.65,98_6,1,1,2,2,1,1,1,1,1,1,1,1
98,BAJA,SOUTH,SOUTH,BLK,SOUTH,SBP,23.08,-109.65,98_7,1,1,2,2,1,1,1,1,1,1,1,1
98,BAJA,SOUTH,SOUTH,BLK,SOUTH,SBP,23.08,-109.65,98_8,1,1,2,2,1,1,1,1,1,1,1,1
98,BAJA,SOUTH,SOUTH,BLK,SOUTH,SBP,23.08,-109.65,98_9,1,1,2,2,1,1,1,1,1,1,1,1
101,SON,SON,SON,BLK,SON,SON,27.91,-110.57,101_12,1,1,1,2,1,1,1,1,1,1,1,1
101,SON,SON,SON,BLK,SON,SON,27.91,-110.57,101_13,1,2,2,2,1,1,1,1,1,2,1,1
101,SON,SON,SON,BLK,SON,SON,27.91,-110.57,101_15,1,1,2,2,1,1,1,1,1,2,1,1
101,SON,SON,SON,BLK,SON,SON,27.91,-110.57,101_16,1,2,2,2,1,2,1,1,1,2,1,1
101,SON,SON,SON,BLK,SON,SON,27.91,-110.57,101_17,1,2,2,2,1,2,1,1,1,2,1,1
101,SON,SON,SON,BLK,SON,SON,27.91,-110.57,101_18,1,1,2,2,1,1,1,1,1,2,1,1
101,SON,SON,SON,BLK,SON,SON,27.91,-110.57,101_19,1,2,2,2,1,1,1,1,1,2,1,1
101,SON,SON,SON,BLK,SON,SON,27.91,-110.57,101_20,1,1,2,2,1,2,1,1,1,1,1,1
101,SON,SON,SON,BLK,SON,SON,27.91,-110.57,101_21,2,2,2,2,1,3,1,1,1,2,1,1
102,SON,SON,SON,BLK,SON,SON,26.38,-109.13,102_1,1,1,2,2,1,1,1,1,1,1,1,1
102,SON,SON,SON,BLK,SON,SON,26.38,-109.13,102_10,1,2,1,2,1,1,1,1,1,1,1,1
102,SON,SON,SON,BLK,SON,SON,26.38,-109.13,102_3,2,2,2,2,1,1,1,1,2,2,1,1
102,SON,SON,SON,BLK,SON,SON,26.38,-109.13,102_4,2,2,1,2,1,1,1,1,1,1,1,1
102,SON,SON,SON,BLK,SON,SON,26.38,-109.13,102_5,1,2,1,2,1,1,1,1,1,2,1,1
102,SON,SON,SON,BLK,SON,SON,26.38,-109.13,102_6,1,2,-1,-1,1,1,1,1,1,2,1,1
102,SON,SON,SON,BLK,SON,SON,26.38,-109.13,102_7,1,1,1,2,1,1,1,1,1,2,1,1
102,SON,SON,SON,BLK,SON,SON,26.38,-109.13,102_8,2,2,2,2,1,1,1,1,1,2,1,1
102,SON,SON,SON,BLK,SON,SON,26.38,-109.13,102_9,1,2,1,2,1,3,1,1,1,2,1,1
153,BAJA,SOUTH,SOUTH,BLK,SOUTH,SBP,24.13,-110.46,153_1,1,1,2,2,1,1,1,1,1,2,1,1
153,BAJA,SOUTH,SOUTH,BLK,SOUTH,SBP,24.13,-110.46,153_10,1,1,2,2,1,1,1,1,1,1,1,1
153,BAJA,SOUTH,SOUTH,BLK,SOUTH,SBP,24.13,-110.46,153_2,1,1,2,2,1,1,1,1,1,2,1,1
153,BAJA,SOUTH,SOUTH,BLK,SOUTH,SBP,24.13,-110.46,153_3,1,1,2,2,1,2,1,1,1,1,1,1
153,BAJA,SOUTH,SOUTH,BLK,SOUTH,SBP,24.13,-110.46,153_4,1,1,1,2,1,2,1,1,1,1,1,1
153,BAJA,SOUTH,SOUTH,BLK,SOUTH,SBP,24.13,-110.46,153_5,1,1,2,2,1,1,1,1,1,2,1,1
153,BAJA,SOUTH,SOUTH,BLK,SOUTH,SBP,24.13,-110.46,153_6,1,1,1,1,1,1,1,1,1,1,1,1
153,BAJA,SOUTH,SOUTH,BLK,SOUTH,SBP,24.13,-110.46,153_7,1,1,2,2,1,1,1,1,1,1,1,1
153,BAJA,SOUTH,SOUTH,BLK,SOUTH,SBP,24.13,-110.46,153_8,1,1,2,2,1,1,1,1,1,1,1,1
153,BAJA,SOUTH,SOUTH,BLK,SOUTH,SBP,24.13,-110.46,153_9,1,1,2,2,2,2,1,1,1,2,1,1
156,BAJA,SOUTH,SOUTH,BLK,SOUTH,SBP,24.04,-109.99,156_1,1,1,2,2,1,1,1,1,1,1,1,1
156,BAJA,SOUTH,SOUTH,BLK,SOUTH,SBP,24.04,-109.99,156_10,1,1,2,2,1,1,1,1,1,1,1,1
156,BAJA,SOUTH,SOUTH,BLK,SOUTH,SBP,24.04,-109.99,156_2,1,1,2,2,1,1,1,1,1,2,1,1
156,BAJA,SOUTH,SOUTH,BLK,SOUTH,SBP,24.04,-109.99,156_3,1,1,2,2,1,1,1,1,1,1,1,1
156,BAJA,SOUTH,SOUTH,BLK,SOUTH,SBP,24.04,-109.99,156_4,1,1,2,2,1,1,1,1,1,1,1,1
156,BAJA,SOUTH,SOUTH,BLK,SOUTH,SBP,24.04,-109.99,156_5,1,1,2,2,1,1,1,1,1,1,1,1
156,BAJA,SOUTH,SOUTH,BLK,SOUTH,SBP,24.04,-109.99,156_6,1,1,2,2,1,1,1,1,2,2,1,1
156,BAJA,SOUTH,SOUTH,BLK,SOUTH,SBP,24.04,-109.99,156_7,-1,-1,2,2,1,1,1,1,1,2,1,1
156,BAJA,SOUTH,SOUTH,BLK,SOUTH,SBP,24.04,-109.99,156_8,1,1,2,2,1,1,1,1,1,1,1,1
156,BAJA,SOUTH,SOUTH,BLK,SOUTH,SBP,24.04,-109.99,156_9,1,1,2,2,1,1,1,1,1,2,1,2
157,BAJA,SOUTH,SOUTH,BLK,SOUTH,SBP,24.02,-110.1,157_1,1,1,2,2,1,1,1,1,1,1,1,1
157,BAJA,SOUTH,SOUTH,BLK,SOUTH,SBP,24.02,-110.1,157_10,1,1,2,2,1,1,1,1,1,1,1,1
157,BAJA,SOUTH,SOUTH,BLK,SOUTH,SBP,24.02,-110.1,157_2,1,1,2,2,1,1,1,1,1,1,1,1
157,BAJA,SOUTH,SOUTH,BLK,SOUTH,SBP,24.02,-110.1,157_3,1,1,2,2,1,1,1,1,1,1,1,1
157,BAJA,SOUTH,SOUTH,BLK,SOUTH,SBP,24.02,-110.1,157_4,1,2,2,2,1,1,1,1,1,1,1,1
157,BAJA,SOUTH,SOUTH,BLK,SOUTH,SBP,24.02,-110.1,157_5,1,1,2,2,1,1,1,1,1,1,1,1
157,BAJA,SOUTH,SOUTH,BLK,SOUTH,SBP,24.02,-110.1,157_6,1,1,2,2,1,1,1,1,1,2,1,1
157,BAJA,SOUTH,SOUTH,BLK,SOUTH,SBP,24.02,-110.1,157_7,1,2,2,2,1,1,1,1,1,1,1,1
157,BAJA,SOUTH,SOUTH,BLK,SOUTH,SBP,24.02,-110.1,157_8,1,1,2,2,1,1,1,1,1,2,1,1
157,BAJA,SOUTH,SOUTH,BLK,SOUTH,SBP,24.02,-110.1,157_9,1,1,2,2,1,1,1,1,1,1,1,1
159,BAJA,NORTH,NORTH,BLK,NORTH,NBP,27.53,-113.32,159_1,1,1,1,2,1,1,1,1,1,1,1,1
159,BAJA,NORTH,NORTH,BLK,NORTH,NBP,27.53,-113.32,159_10,1,1,2,2,1,1,1,1,1,1,1,1
159,BAJA,NORTH,NORTH,BLK,NORTH,NBP,27.53,-113.32,159_2,1,1,2,2,1,1,1,1,1,1,1,1
159,BAJA,NORTH,NORTH,BLK,NORTH,NBP,27.53,-113.32,159_3,1,1,2,2,1,1,1,1,1,1,1,1
159,BAJA,NORTH,NORTH,BLK,NORTH,NBP,27.53,-113.32,159_4,1,1,1,2,1,3,1,1,1,2,1,1
159,BAJA,NORTH,NORTH,BLK,NORTH,NBP,27.53,-113.32,159_5,1,1,1,2,1,1,1,1,1,2,1,1
159,BAJA,NORTH,NORTH,BLK,NORTH,NBP,27.53,-113.32,159_6,1,1,2,2,1,1,1,1,1,1,1,1
159,BAJA,NORTH,NORTH,BLK,NORTH,NBP,27.53,-113.32,159_7,1,2,2,2,1,1,1,1,2,2,1,1
159,BAJA,NORTH,NORTH,BLK,NORTH,NBP,27.53,-113.32,159_8,1,1,2,2,1,1,1,1,1,1,1,1
159,BAJA,NORTH,NORTH,BLK,NORTH,NBP,27.53,-113.32,159_9,1,1,1,2,1,1,1,1,1,2,1,1
160,BAJA,NORTH,SOUTH,WHT,NORTH,CBP,27.4,-112.53,160_1,1,2,1,2,1,1,1,1,1,2,1,1
160,BAJA,NORTH,SOUTH,WHT,NORTH,CBP,27.4,-112.53,160_10,1,1,1,2,1,1,1,1,2,2,1,1
160,BAJA,NORTH,SOUTH,WHT,NORTH,CBP,27.4,-112.53,160_2,1,2,2,2,1,1,1,1,1,2,1,1
160,BAJA,NORTH,SOUTH,WHT,NORTH,CBP,27.4,-112.53,160_3,1,1,1,2,1,1,1,1,2,2,1,1
160,BAJA,NORTH,SOUTH,WHT,NORTH,CBP,27.4,-112.53,160_4,1,1,1,2,1,1,1,1,1,1,1,1
160,BAJA,NORTH,SOUTH,WHT,NORTH,CBP,27.4,-112.53,160_5,1,1,1,2,2,2,1,1,1,2,1,1
160,BAJA,NORTH,SOUTH,WHT,NORTH,CBP,27.4,-112.53,160_6,1,1,1,2,1,1,1,1,1,1,1,1
160,BAJA,NORTH,SOUTH,WHT,NORTH,CBP,27.4,-112.53,160_7,1,1,2,2,2,2,1,1,1,1,1,1
160,BAJA,NORTH,SOUTH,WHT,NORTH,CBP,27.4,-112.53,160_8,1,1,2,2,1,1,1,1,1,1,1,1
160,BAJA,NORTH,SOUTH,WHT,NORTH,CBP,27.4,-112.53,160_9,1,1,1,1,1,1,1,1,1,2,1,1
161,BAJA,NORTH,SOUTH,WHT,NORTH,CBP,27.04,-112.99,161_1,1,1,1,1,1,1,1,1,1,2,1,1
161,BAJA,NORTH,SOUTH,WHT,NORTH,CBP,27.04,-112.99,161_10,1,1,2,2,1,1,1,1,1,2,1,1
161,BAJA,NORTH,SOUTH,WHT,NORTH,CBP,27.04,-112.99,161_2,1,1,1,2,1,1,1,1,1,1,1,1
161,BAJA,NORTH,SOUTH,WHT,NORTH,CBP,27.04,-112.99,161_3,1,1,2,2,1,1,1,1,2,2,1,1
161,BAJA,NORTH,SOUTH,WHT,NORTH,CBP,27.04,-112.99,161_4,1,2,1,2,1,1,1,1,1,2,1,1
161,BAJA,NORTH,SOUTH,WHT,NORTH,CBP,27.04,-112.99,161_5,1,1,2,2,1,1,1,1,1,1,1,1
161,BAJA,NORTH,SOUTH,WHT,NORTH,CBP,27.04,-112.99,161_6,1,2,1,2,1,1,1,1,2,2,1,1
161,BAJA,NORTH,SOUTH,WHT,NORTH,CBP,27.04,-112.99,161_7,1,1,1,2,2,2,1,1,1,1,1,1
161,BAJA,NORTH,SOUTH,WHT,NORTH,CBP,27.04,-112.99,161_8,1,1,2,2,1,1,1,1,1,2,1,1
161,BAJA,NORTH,SOUTH,WHT,NORTH,CBP,27.04,-112.99,161_9,1,1,1,2,1,3,1,1,1,1,1,1
162,BAJA,NORTH,SOUTH,WHT,NORTH,CBP,27.2,-112.41,162_13,1,1,1,2,1,1,1,1,1,1,1,1
162,BAJA,NORTH,SOUTH,WHT,NORTH,CBP,27.2,-112.41,162_14,1,1,2,2,1,1,1,1,2,2,1,1
162,BAJA,NORTH,SOUTH,WHT,NORTH,CBP,27.2,-112.41,162_15,1,1,1,2,1,3,1,1,1,2,1,1
162,BAJA,NORTH,SOUTH,WHT,NORTH,CBP,27.2,-112.41,162_16,1,1,2,2,1,1,1,1,1,1,1,1
162,BAJA,NORTH,SOUTH,WHT,NORTH,CBP,27.2,-112.41,162_17,1,1,1,2,1,3,1,1,1,1,1,1
162,BAJA,NORTH,SOUTH,WHT,NORTH,CBP,27.2,-112.41,162_18,1,1,2,2,1,1,1,1,1,1,1,1
162,BAJA,NORTH,SOUTH,WHT,NORTH,CBP,27.2,-112.41,162_19,1,1,1,2,1,1,1,2,2,2,1,1
162,BAJA,NORTH,SOUTH,WHT,NORTH,CBP,27.2,-112.41,162_20,1,1,2,2,1,2,1,1,1,2,1,1
162,BAJA,NORTH,SOUTH,WHT,NORTH,CBP,27.2,-112.41,162_21,1,1,1,2,1,1,1,1,1,1,1,1
162,BAJA,NORTH,SOUTH,WHT,NORTH,CBP,27.2,-112.41,162_22,1,1,1,1,1,1,1,1,1,2,1,1
163,BAJA,NORTH,SOUTH,BLK,SOUTH,CBP,24.21,-110.95,163_15,1,1,1,2,1,1,1,1,1,1,1,1
163,BAJA,NORTH,SOUTH,BLK,SOUTH,CBP,24.21,-110.95,163_16,2,2,1,1,1,1,1,1,1,1,1,1
163,BAJA,NORTH,SOUTH,BLK,SOUTH,CBP,24.21,-110.95,163_17,1,1,1,1,1,1,1,1,1,1,1,1
163,BAJA,NORTH,SOUTH,BLK,SOUTH,CBP,24.21,-110.95,163_18,1,2,1,2,1,1,1,1,1,2,1,1
163,BAJA,NORTH,SOUTH,BLK,SOUTH,CBP,24.21,-110.95,163_19,1,2,2,2,1,1,1,1,1,2,1,1
163,BAJA,NORTH,SOUTH,BLK,SOUTH,CBP,24.21,-110.95,163_20,1,2,2,2,1,1,1,1,1,2,1,1
163,BAJA,NORTH,SOUTH,BLK,SOUTH,CBP,24.21,-110.95,163_21,1,1,2,2,1,1,1,1,1,1,1,1
163,BAJA,NORTH,SOUTH,BLK,SOUTH,CBP,24.21,-110.95,163_22,1,2,2,2,1,1,1,1,1,2,1,1
163,BAJA,NORTH,SOUTH,BLK,SOUTH,CBP,24.21,-110.95,163_23,1,2,1,1,1,1,1,1,1,1,1,1
163,BAJA,NORTH,SOUTH,BLK,SOUTH,CBP,24.21,-110.95,163_24,1,1,1,2,1,1,1,1,1,1,1,1
164,BAJA,NORTH,SOUTH,BLK,SOUTH,CBP,24.75,-111.54,164_1,1,2,2,2,1,1,1,1,1,1,1,1
164,BAJA,NORTH,SOUTH,BLK,SOUTH,CBP,24.75,-111.54,164_10,1,1,1,2,1,1,1,1,1,1,1,1
164,BAJA,NORTH,SOUTH,BLK,SOUTH,CBP,24.75,-111.54,164_2,1,1,1,2,1,1,1,1,1,2,1,1
164,BAJA,NORTH,SOUTH,BLK,SOUTH,CBP,24.75,-111.54,164_3,1,1,2,2,1,1,1,1,1,2,1,1
164,BAJA,NORTH,SOUTH,BLK,SOUTH,CBP,24.75,-111.54,164_4,1,1,1,2,1,1,1,1,1,1,1,1
164,BAJA,NORTH,SOUTH,BLK,SOUTH,CBP,24.75,-111.54,164_5,1,2,1,2,1,3,1,1,1,1,1,1
164,BAJA,NORTH,SOUTH,BLK,SOUTH,CBP,24.75,-111.54,164_6,1,1,1,2,1,1,1,1,1,1,1,1
164,BAJA,NORTH,SOUTH,BLK,SOUTH,CBP,24.75,-111.54,164_7,1,1,2,2,1,1,1,1,1,2,1,1
164,BAJA,NORTH,SOUTH,BLK,SOUTH,CBP,24.75,-111.54,164_8,1,1,2,2,1,1,1,1,1,1,1,1
164,BAJA,NORTH,SOUTH,BLK,SOUTH,CBP,24.75,-111.54,164_9,1,1,2,2,1,1,1,1,1,1,1,1
165,BAJA,NORTH,SOUTH,WHT,NORTH,CBP,26.25,-112.41,165_15,1,1,1,2,1,1,1,1,1,2,1,1
165,BAJA,NORTH,SOUTH,WHT,NORTH,CBP,26.25,-112.41,165_16,1,1,2,2,1,1,1,1,1,2,1,1
165,BAJA,NORTH,SOUTH,WHT,NORTH,CBP,26.25,-112.41,165_17,1,1,1,2,1,1,1,1,1,2,1,1
165,BAJA,NORTH,SOUTH,WHT,NORTH,CBP,26.25,-112.41,165_20,1,1,2,2,1,1,1,1,1,2,1,1
165,BAJA,NORTH,SOUTH,WHT,NORTH,CBP,26.25,-112.41,165_21,1,1,1,2,1,2,1,1,1,1,1,1
165,BAJA,NORTH,SOUTH,WHT,NORTH,CBP,26.25,-112.41,165_22,1,1,2,2,1,3,1,1,1,2,1,1
165,BAJA,NORTH,SOUTH,WHT,NORTH,CBP,26.25,-112.41,165_23,1,1,1,2,1,2,1,1,1,2,1,1
165,BAJA,NORTH,SOUTH,WHT,NORTH,CBP,26.25,-112.41,165_24,1,1,1,2,1,1,1,1,1,1,1,1
165,BAJA,NORTH,SOUTH,WHT,NORTH,CBP,26.25,-112.41,165_25,1,1,1,2,1,1,1,1,1,1,1,1
166,BAJA,NORTH,SOUTH,BLK,SOUTH,CBP,25.91,-112.08,166_13,1,1,2,2,1,1,1,1,1,1,1,1
166,BAJA,NORTH,SOUTH,BLK,SOUTH,CBP,25.91,-112.08,166_14,1,1,2,2,1,1,1,1,1,1,1,1
166,BAJA,NORTH,SOUTH,BLK,SOUTH,CBP,25.91,-112.08,166_15,1,1,1,2,1,1,1,1,1,1,1,1
166,BAJA,NORTH,SOUTH,BLK,SOUTH,CBP,25.91,-112.08,166_16,1,1,2,2,1,1,1,1,1,1,1,1
166,BAJA,NORTH,SOUTH,BLK,SOUTH,CBP,25.91,-112.08,166_17,1,2,1,2,1,1,1,1,1,2,1,1
166,BAJA,NORTH,SOUTH,BLK,SOUTH,CBP,25.91,-112.08,166_18,1,2,2,2,1,1,1,1,1,2,1,1
166,BAJA,NORTH,SOUTH,BLK,SOUTH,CBP,25.91,-112.08,166_19,1,1,1,2,1,1,1,1,1,1,1,2
166,BAJA,NORTH,SOUTH,BLK,SOUTH,CBP,25.91,-112.08,166_20,1,1,2,2,1,3,1,1,1,1,1,1
166,BAJA,NORTH,SOUTH,BLK,SOUTH,CBP,25.91,-112.08,166_21,1,1,2,2,1,1,1,1,1,1,1,1
166,BAJA,NORTH,SOUTH,BLK,SOUTH,CBP,25.91,-112.08,166_22,1,1,1,2,1,1,1,1,1,1,1,1
168,BAJA,NORTH,SOUTH,BLK,SOUTH,CBP,25.56,-111.22,168_1,1,1,2,2,1,1,1,1,1,2,1,1
168,BAJA,NORTH,SOUTH,BLK,SOUTH,CBP,25.56,-111.22,168_10,1,1,1,2,1,1,1,1,1,1,1,1
168,BAJA,NORTH,SOUTH,BLK,SOUTH,CBP,25.56,-111.22,168_2,1,1,2,2,1,1,1,1,1,1,1,1
168,BAJA,NORTH,SOUTH,BLK,SOUTH,CBP,25.56,-111.22,168_3,1,1,1,2,1,1,1,1,1,1,1,1
168,BAJA,NORTH,SOUTH,BLK,SOUTH,CBP,25.56,-111.22,168_4,1,1,2,2,1,1,1,1,1,2,1,1
168,BAJA,NORTH,SOUTH,BLK,SOUTH,CBP,25.56,-111.22,168_5,1,1,2,2,1,1,1,1,2,2,1,1
168,BAJA,NORTH,SOUTH,BLK,SOUTH,CBP,25.56,-111.22,168_6,1,1,2,2,1,1,1,1,1,1,1,1
168,BAJA,NORTH,SOUTH,BLK,SOUTH,CBP,25.56,-111.22,168_7,1,1,1,2,1,1,1,1,1,2,1,1
168,BAJA,NORTH,SOUTH,BLK,SOUTH,CBP,25.56,-111.22,168_8,1,1,1,2,1,1,1,1,1,2,1,1
168,BAJA,NORTH,SOUTH,BLK,SOUTH,CBP,25.56,-111.22,168_9,1,1,2,2,1,1,1,1,1,2,1,1
169,BAJA,NORTH,SOUTH,WHT,NORTH,CBP,26.21,-111.38,169_1,1,1,2,2,1,1,1,1,2,2,1,1
169,BAJA,NORTH,SOUTH,WHT,NORTH,CBP,26.21,-111.38,169_10,1,1,1,2,1,1,1,1,1,1,1,1
169,BAJA,NORTH,SOUTH,WHT,NORTH,CBP,26.21,-111.38,169_2,1,1,2,2,1,1,1,1,1,1,1,1
169,BAJA,NORTH,SOUTH,WHT,NORTH,CBP,26.21,-111.38,169_3,1,1,1,1,1,1,1,1,1,1,1,1
169,BAJA,NORTH,SOUTH,WHT,NORTH,CBP,26.21,-111.38,169_4,1,1,1,2,1,1,1,1,1,1,1,1
169,BAJA,NORTH,SOUTH,WHT,NORTH,CBP,26.21,-111.38,169_5,1,1,1,2,1,2,1,1,1,2,1,1
169,BAJA,NORTH,SOUTH,WHT,NORTH,CBP,26.21,-111.38,169_6,1,1,1,2,1,1,1,1,1,1,1,1
169,BAJA,NORTH,SOUTH,WHT,NORTH,CBP,26.21,-111.38,169_7,1,1,1,1,1,1,1,1,1,1,1,1
169,BAJA,NORTH,SOUTH,WHT,NORTH,CBP,26.21,-111.38,169_8,1,1,2,2,1,1,1,1,1,1,1,1
169,BAJA,NORTH,SOUTH,WHT,NORTH,CBP,26.21,-111.38,169_9,1,1,2,2,1,2,1,1,1,1,1,1
171,BAJA,NORTH,NORTH,WHT,NORTH,NBP,28.22,-113.18,171_1,1,2,2,2,1,1,1,1,1,1,1,1
171,BAJA,NORTH,NORTH,WHT,NORTH,NBP,28.22,-113.18,171_10,1,1,1,1,1,1,1,1,1,2,1,1
171,BAJA,NORTH,NORTH,WHT,NORTH,NBP,28.22,-113.18,171_2,1,1,1,2,1,1,1,2,1,2,1,1
171,BAJA,NORTH,NORTH,WHT,NORTH,NBP,28.22,-113.18,171_3,1,1,1,2,1,1,1,1,1,1,1,1
171,BAJA,NORTH,NORTH,WHT,NORTH,NBP,28.22,-113.18,171_4,1,1,2,2,1,1,1,1,2,2,1,1
171,BAJA,NORTH,NORTH,WHT,NORTH,NBP,28.22,-113.18,171_5,1,1,2,2,1,1,1,2,1,2,1,1
171,BAJA,NORTH,NORTH,WHT,NORTH,NBP,28.22,-113.18,171_6,1,1,1,2,1,1,1,2,1,1,1,1
171,BAJA,NORTH,NORTH,WHT,NORTH,NBP,28.22,-113.18,171_7,1,2,1,2,1,1,1,1,1,1,1,1
171,BAJA,NORTH,NORTH,WHT,NORTH,NBP,28.22,-113.18,171_8,1,2,1,1,1,1,1,2,1,2,1,1
171,BAJA,NORTH,NORTH,WHT,NORTH,NBP,28.22,-113.18,171_9,1,1,2,2,1,1,1,1,1,2,1,1
173,BAJA,NORTH,NORTH,WHT,NORTH,NBP,28.41,-112.87,173_1,1,1,1,2,1,2,1,1,1,2,1,1
173,BAJA,NORTH,NORTH,WHT,NORTH,NBP,28.41,-112.87,173_10,1,1,1,2,-1,-1,1,1,1,2,1,1
173,BAJA,NORTH,NORTH,WHT,NORTH,NBP,28.41,-112.87,173_2,1,1,2,2,1,1,1,1,1,2,1,1
173,BAJA,NORTH,NORTH,WHT,NORTH,NBP,28.41,-112.87,173_3,1,2,2,2,1,3,1,1,1,2,1,1
173,BAJA,NORTH,NORTH,WHT,NORTH,NBP,28.41,-112.87,173_4,1,1,1,2,1,2,1,1,1,1,1,1
173,BAJA,NORTH,NORTH,WHT,NORTH,NBP,28.41,-112.87,173_5,1,1,1,1,1,1,1,1,1,1,1,1
173,BAJA,NORTH,NORTH,WHT,NORTH,NBP,28.41,-112.87,173_6,1,1,2,2,1,1,1,1,1,2,1,1
173,BAJA,NORTH,NORTH,WHT,NORTH,NBP,28.41,-112.87,173_7,1,1,2,2,1,1,1,1,1,2,1,1
173,BAJA,NORTH,NORTH,WHT,NORTH,NBP,28.41,-112.87,173_8,1,1,2,2,1,1,1,1,1,1,1,1
173,BAJA,NORTH,NORTH,WHT,NORTH,NBP,28.41,-112.87,173_9,1,2,2,2,1,1,1,1,1,1,1,1
175,BAJA,NORTH,NORTH,WHT,NORTH,NBP,28.73,-113.49,175_1,1,1,2,2,1,2,1,1,1,2,1,1
175,BAJA,NORTH,NORTH,WHT,NORTH,NBP,28.73,-113.49,175_10,1,1,2,2,1,2,1,1,1,2,1,1
175,BAJA,NORTH,NORTH,WHT,NORTH,NBP,28.73,-113.49,175_2,1,1,1,2,1,1,1,1,1,1,1,1
175,BAJA,NORTH,NORTH,WHT,NORTH,NBP,28.73,-113.49,175_3,1,1,1,2,1,1,1,1,1,2,1,1
175,BAJA,NORTH,NORTH,WHT,NORTH,NBP,28.73,-113.49,175_4,1,1,2,2,1,3,1,1,1,1,1,1
175,BAJA,NORTH,NORTH,WHT,NORTH,NBP,28.73,-113.49,175_5,1,1,1,1,1,2,1,1,1,2,1,1
175,BAJA,NORTH,NORTH,WHT,NORTH,NBP,28.73,-113.49,175_6,1,1,1,2,1,1,1,1,1,2,1,1
175,BAJA,NORTH,NORTH,WHT,NORTH,NBP,28.73,-113.49,175_7,1,1,2,2,1,1,1,2,2,2,1,1
175,BAJA,NORTH,NORTH,WHT,NORTH,NBP,28.73,-113.49,175_8,1,1,2,2,1,1,1,2,1,2,1,1
175,BAJA,NORTH,NORTH,WHT,NORTH,NBP,28.73,-113.49,175_9,1,1,1,1,1,2,1,1,1,2,1,1
177,BAJA,NORTH,NORTH,WHT,NORTH,NBP,28.66,-113.99,177_1,1,1,2,2,3,3,1,1,1,1,1,1
177,BAJA,NORTH,NORTH,WHT,NORTH,NBP,28.66,-113.99,177_10,1,1,1,1,1,1,1,1,1,1,1,1
177,BAJA,NORTH,NORTH,WHT,NORTH,NBP,28.66,-113.99,177_2,1,1,1,2,1,1,1,1,1,1,1,1
177,BAJA,NORTH,NORTH,WHT,NORTH,NBP,28.66,-113.99,177_3,1,1,1,2,1,1,1,2,1,1,1,1
177,BAJA,NORTH,NORTH,WHT,NORTH,NBP,28.66,-113.99,177_4,1,1,1,2,-1,-1,1,2,1,2,1,1
177,BAJA,NORTH,NORTH,WHT,NORTH,NBP,28.66,-113.99,177_5,1,1,2,2,1,1,1,2,1,2,1,1
177,BAJA,NORTH,NORTH,WHT,NORTH,NBP,28.66,-113.99,177_6,1,1,1,1,1,2,1,2,1,1,1,1
177,BAJA,NORTH,NORTH,WHT,NORTH,NBP,28.66,-113.99,177_7,1,1,1,1,1,2,1,2,1,2,1,1
177,BAJA,NORTH,NORTH,WHT,NORTH,NBP,28.66,-113.99,177_8,1,1,2,2,3,3,1,1,1,1,1,1
177,BAJA,NORTH,NORTH,WHT,NORTH,NBP,28.66,-113.99,177_9,1,1,1,2,1,1,1,2,1,2,1,1
Aqu,BAJA,SOUTH,SOUTH,BLK,SOUTH,SBP,23.29,-110.1,Aqu1,1,1,2,2,1,1,1,1,1,2,1,1
Aqu,BAJA,SOUTH,SOUTH,BLK,SOUTH,SBP,23.29,-110.1,Aqu10,1,1,2,2,1,1,1,1,2,2,1,1
Aqu,BAJA,SOUTH,SOUTH,BLK,SOUTH,SBP,23.29,-110.1,Aqu2,1,1,2,2,1,1,1,1,1,2,1,1
Aqu,BAJA,SOUTH,SOUTH,BLK,SOUTH,SBP,23.29,-110.1,Aqu3,1,1,2,2,1,1,1,1,1,1,1,1
Aqu,BAJA,SOUTH,SOUTH,BLK,SOUTH,SBP,23.29,-110.1,Aqu4,1,1,2,2,1,1,1,1,1,1,1,1
Aqu,BAJA,SOUTH,SOUTH,BLK,SOUTH,SBP,23.29,-110.1,Aqu5,1,1,2,2,1,1,1,1,1,1,1,1
Aqu,BAJA,SOUTH,SOUTH,BLK,SOUTH,SBP,23.29,-110.1,Aqu6,1,1,2,2,1,1,1,1,1,2,1,1
Aqu,BAJA,SOUTH,SOUTH,BLK,SOUTH,SBP,23.29,-110.1,Aqu7,1,1,2,2,1,1,1,1,1,1,1,1
Aqu,BAJA,SOUTH,SOUTH,BLK,SOUTH,SBP,23.29,-110.1,Aqu8,1,1,2,2,1,1,1,1,1,2,1,1
Aqu,BAJA,SOUTH,SOUTH,BLK,SOUTH,SBP,23.29,-110.1,Aqu9,1,1,2,2,1,1,1,1,1,2,1,1
Const,BAJA,NORTH,SOUTH,WHT,NORTH,CBP,25.02,-111.68,Const1,1,1,2,2,1,1,1,1,1,2,1,1
Const,BAJA,NORTH,SOUTH,WHT,NORTH,CBP,25.02,-111.68,Const2,1,2,1,2,1,1,1,1,1,1,1,1
Const,BAJA,NORTH,SOUTH,WHT,NORTH,CBP,25.02,-111.68,Const3,1,1,2,2,1,1,1,1,1,2,1,1
Const,BAJA,NORTH,SOUTH,WHT,NORTH,CBP,25.02,-111.68,Const4,1,1,1,1,1,1,1,1,1,2,1,1
Const,BAJA,NORTH,SOUTH,WHT,NORTH,CBP,25.02,-111.68,Const5,1,1,1,2,1,1,1,1,1,2,1,1
Const,BAJA,NORTH,SOUTH,WHT,NORTH,CBP,25.02,-111.68,Const6,1,1,1,1,-1,-1,1,2,1,2,-1,-1
ESan,BAJA,SOUTH,SOUTH,BLK,SOUTH,SBP,24.46,-110.37,ESan10,1,2,1,1,1,1,1,1,1,2,1,1
ESan,BAJA,SOUTH,SOUTH,BLK,SOUTH,SBP,24.46,-110.37,ESan11,1,1,2,2,1,1,1,1,1,1,1,1
ESan,BAJA,SOUTH,SOUTH,BLK,SOUTH,SBP,24.46,-110.37,ESan12,1,1,2,2,1,1,1,1,1,1,1,1
ESan,BAJA,SOUTH,SOUTH,BLK,SOUTH,SBP,24.46,-110.37,ESan13,1,2,1,1,1,1,1,1,1,2,1,1
ESan,BAJA,SOUTH,SOUTH,BLK,SOUTH,SBP,24.46,-110.37,ESan14,1,1,2,2,1,1,1,1,1,1,1,1
ESan,BAJA,SOUTH,SOUTH,BLK,SOUTH,SBP,24.46,-110.37,ESan15,1,1,2,2,1,1,1,1,1,1,1,1
ESan,BAJA,SOUTH,SOUTH,BLK,SOUTH,SBP,24.46,-110.37,ESan16,1,1,2,2,1,1,1,1,1,1,1,1
ESan,BAJA,SOUTH,SOUTH,BLK,SOUTH,SBP,24.46,-110.37,ESan17,1,1,2,2,1,1,1,1,1,1,1,1
ESan,BAJA,SOUTH,SOUTH,BLK,SOUTH,SBP,24.46,-110.37,ESan8,1,1,2,2,1,1,1,1,1,1,1,1
ESan,BAJA,SOUTH,SOUTH,BLK,SOUTH,SBP,24.46,-110.37,ESan9,1,1,1,2,1,1,1,1,1,2,1,1
SFran,BAJA,NORTH,NORTH,BLK,NORTH,NBP,27.36,-112.96,SanFran1,1,2,2,2,1,1,1,1,1,1,1,1
SFran,BAJA,NORTH,NORTH,BLK,NORTH,NBP,27.36,-112.96,SanFran2,1,1,1,2,1,1,1,1,1,2,1,1
SFran,BAJA,NORTH,NORTH,BLK,NORTH,NBP,27.36,-112.96,SanFran3,1,2,1,2,1,1,1,1,2,2,1,1
SFran,BAJA,NORTH,NORTH,BLK,NORTH,NBP,27.36,-112.96,SanFran4,1,1,1,2,1,1,1,1,1,2,1,1
SFran,BAJA,NORTH,NORTH,BLK,NORTH,NBP,27.36,-112.96,SanFran5,-1,-1,1,1,1,1,1,1,1,2,1,1
SFran,BAJA,NORTH,NORTH,BLK,NORTH,NBP,27.36,-112.96,SanFran6,2,2,2,2,1,1,1,1,2,2,1,1